Name,Address,Phone,Email,Website,Rating,Review Count
Kohnan PRO,"1-chōme-9-9番3号 Hachimanyama, Setagaya City, Tokyo 156-0056, Japan",03-5316-2157,N/A,https://map.hc-kohnan.com/shop/625?utm_source=google&utm_medium=maps&utm_campaign=gmb,4,209
Town DOIT Toyotamanaka shop,"2-chōme-24-2 Toyotamanaka, Nerima City, Tokyo 176-0013, Japan",03-3991-2411,N/A,https://map.hc-kohnan.com/shop/486?utm_source=google&utm_medium=maps&utm_campaign=gmb,3.6,1440
Konan PRO Asakusa store,"2-chōme-26-10 Imado, Taito City, Tokyo 111-0024, Japan",03-5808-5700,N/A,https://map.hc-kohnan.com/shop/656,4.1,58
Kohnan PRO Oji Horifune,"1-chōme-23-13 Horifune, Kita City, Tokyo 114-0004, Japan",03-5902-3611,N/A,https://map.hc-kohnan.com/shop/466?utm_source=google&utm_medium=maps&utm_campaign=gmb,3.9,407
Kohnan PRO,"2-chōme-3-1 Odasakae, Kawasaki Ward, Kawasaki, Kanagawa 210-0843, Japan",044-329-1681,N/A,https://map.hc-kohnan.com/shop/450?utm_source=google&utm_medium=maps&utm_campaign=gmb,3.7,2073
Beaver Pro Miyamae-nogawa Store,"1-chōme-35-7 Minaminogawa, Miyamae Ward, Kawasaki, Kanagawa 216-0042, Japan",044-740-3211,N/A,https://kohnan-pro.com/,3.9,994
Konanbibapurokyodoten,"5-chōme-33-1 Kyōdō, Setagaya City, Tokyo 156-0052, Japan",03-5426-5533,N/A,https://map.hc-kohnan.com/shop/639,3.5,105
Kohnan PRO Kohoku Inter,"152 Orimotochō, Tsuzuki Ward, Yokohama, Kanagawa 224-0043, Japan",045-476-2380,N/A,https://map.hc-kohnan.com/shop/440?utm_source=google&utm_medium=maps&utm_campaign=gmb,3.9,868
Konan PRO Tsurumishishigayaten,"3-chōme-2-68 Shishigaya, Tsurumi Ward, Yokohama, Kanagawa 230-0073, Japan",045-583-5701,N/A,https://map.hc-kohnan.com/shop/484?utm_source=google&utm_medium=maps&utm_campaign=gmb,3.6,343
Kohnan PRO - Aoba Katsuradai,"2-chōme-38番地5 Katsuradai, Aoba Ward, Yokohama, Kanagawa 227-0034, Japan",045-962-5731,N/A,https://map.hc-kohnan.com/shop/631,3.9,70
Kohnan Pro,"1-chōme-20-17 Nozaki, Mitaka, Tokyo 181-0014, Japan",0422-39-5715,N/A,https://map.hc-kohnan.com/shop/622?utm_source=google&utm_medium=maps&utm_campaign=gmb,4.1,74
Kohnan PRO DOIT,"5-chōme-3-12 Shinmachi, Nishitokyo, Tokyo 202-0023, Japan",0422-50-0571,N/A,https://map.hc-kohnan.com/shop/488,3.8,811
コーナンPRO板橋徳丸店,"8 Chome-4 Tokumaru, Itabashi City, Tokyo 175-0083, Japan",03-5945-1757,N/A,https://map.hc-kohnan.com/shop/647,3.7,39
Kohnan PRO - Fuchu Koshukaido,"2-chōme-33番地の2 Wakamatsuchō, Fuchu, Tokyo 183-0005, Japan",042-352-5780,N/A,https://map.hc-kohnan.com/shop/628,3.9,54
Beaver Pro Machida Kiso,"Japan, 〒194-0037 Tokyo, Machida, Kisonishi, 3-chōme−２６−７",042-789-6488,N/A,https://kohnan-pro.com/,3.7,859
Kohnan Pro Adachi Takenotsuka,"2-chōme-1-24 Nishihokima, Adachi City, Tokyo 121-0812, Japan",03-5851-5705,N/A,https://map.hc-kohnan.com/shop/478,3.7,302
Kohnan Pro Kamikawai,"33番地4 Kamikawaichō, Asahi Ward, Yokohama, Kanagawa 241-0802, Japan",045-922-5701,N/A,https://map.hc-kohnan.com/shop/605,3.7,210
kohnan pro doit Yono shop,"1-chōme-1-3 Ennami, Chuo Ward, Saitama, 338-0007, Japan",048-853-5621,N/A,https://map.hc-kohnan.com/shop/485,3.7,477
Kohnan PRO Work & Tool,"5-chōme-54-15 Tsukagoshi, Warabi, Saitama 335-0002, Japan",048-447-8511,N/A,https://map.hc-kohnan.com/shop/487?utm_source=google&utm_medium=maps&utm_campaign=gmb,3.6,269
Kohnan PRO Nishitokyo Tanashi,"4-chōme-2-２番8号 Nishiharachō, Nishitokyo, Tokyo 188-0004, Japan",042-460-5711,N/A,https://map.hc-kohnan.com/shop/612?utm_source=google&utm_medium=maps&utm_campaign=gmb,3.6,128
Kohnan PRO,"2-chōme-1-17 Shimonagaya, Konan Ward, Yokohama, Kanagawa 233-0016, Japan",045-820-5705,N/A,https://map.hc-kohnan.com/shop/606?utm_source=google&utm_medium=maps&utm_campaign=gmb,3.7,451
Kohnan PRO 246,"2-chōme-14-１４番４３号 Higashihara, Zama, Kanagawa 252-0004, Japan",046-257-5715,N/A,https://map.hc-kohnan.com/shop/613,3.8,129
Hodaka Fujisawa,"1064 Shōbuzawa, Fujisawa, Kanagawa 252-0823, Japan",0466-48-1080,N/A,https://www.dcm-hc.co.jp/shop/detail/01_0764.html?utm_source=google&utm_medium=maps,4,551
HODAKA,"Japan, 〒213-0015 神奈川県川崎市高津区梶ケ谷５丁目７",044-860-3115,N/A,https://www.dcm-hc.co.jp/shop/detail/01_0782.html?utm_source=google&utm_medium=maps,4,266
Beaver Pro Ebina shop,"3-chōme-15-29 Shake, Ebina, Kanagawa 243-0424, Japan",046-292-7600,N/A,https://kohnan-pro.com/,3.7,331
Furumoto,"52-1 Miyayama, Samukawa, Koza District, Kanagawa 253-0106, Japan",0467-74-3300,N/A,https://ktc.jp/shop/detail?shop=3171,4.3,334
ホーム＆ガーデン 島崎商店,"1-chōme-21-1 Mizonokuchi, Takatsu Ward, Kawasaki, Kanagawa 213-0001, Japan",044-822-3498,N/A,https://www.mizonokuchi-kenzai.com/,4,118
Furumoto (Fujisawa),"Japan, 〒252-0813 Kanagawa, Fujisawa, Kameino, 4-chōme−１６−２４",0466-80-6680,N/A,N/A,4.1,180
コーナンPRO鎌倉大船店,"Japan, 〒247-0072 Kanagawa, Kamakura, Okamoto, 1188番地1",0467-42-8301,N/A,https://map.hc-kohnan.com/shop/18002,2.5,2
包丁と砥石 ひとひら,"2-chōme-16-16 Sangenjaya, Setagaya City, Tokyo 154-0024, Japan",03-6413-6904,N/A,https://hitohira-japan.com/,4.9,118
馬込道具屋,"Japan, 〒143-0026 Tokyo, Ota City, Nishimagome, 1-chōme−2−８ シャトー西馬込",03-3775-1098,N/A,https://dogooyah.com/f/shops/magome,4.2,40
Kohnan Pro,"2-chōme-8-12 Kawarazone, Koshigaya, Saitama 343-0821, Japan",048-960-2257,N/A,https://map.hc-kohnan.com/shop/464?utm_source=google&utm_medium=maps&utm_campaign=gmb,3.7,468
総合建築 金物や 秀久,"1262-2 Shimotomi, Tokorozawa, Saitama 359-0001, Japan",04-2990-3660,N/A,http://www.hidehisa-online.com/smartphone/index.html,4.3,252
ホダカ 蓮田店,"4-2 Yamanouchi, Hasuda, Saitama 349-0128, Japan",048-765-5600,N/A,https://www.dcm-hc.co.jp/shop/detail/03_4575.html?utm_source=google&utm_medium=maps,4.1,454
Kohnan Pro Doit Kawagoe,"1017-1 Fukuda, Kawagoe, Saitama 350-0821, Japan",049-228-5711,N/A,https://map.hc-kohnan.com/shop/601,3.9,272
コーナンＰＲＯ花小金井店,"4-chōme-35-5 Hanakoganei, Kodaira, Tokyo 187-0002, Japan",042-470-3157,N/A,https://map.hc-kohnan.com/shop/655,4.3,24
Kohnan PRO Adachi Ogi,"3-chōme-14-１４番１0号 Ōgi, Adachi City, Tokyo 123-0873, Japan",03-5647-5761,N/A,https://map.hc-kohnan.com/shop/609?utm_source=google&utm_medium=maps&utm_campaign=gmb,3.7,109
コーナンPRO富士見店,"465番地1 Harigaya, Fujimi, Saitama 354-0017, Japan",049-268-1375,N/A,https://map.hc-kohnan.com/shop/649,3.9,20
Valor Home Center Takayama,"3-chōme-608 Nishinoisshikimachi, Takayama, Gifu 506-0031, Japan",0577-32-0180,N/A,https://stores.homecentervalor.co.jp/detail/1,3.6,643
飛騨高山刃物専門店 是ノ刃 Konoha,"Japan, 〒506-0841 Gifu, Takayama, Shimosannomachi, 115番地 P1台 有（店舗前",0577-70-8377,N/A,https://www.instagram.com/konoha.hidatakayama/,4.9,49
Home Improvement store Valor Kokufu,"Japan, 〒509-4119 Gifu, Takayama, Kokufuchō Hirosemachi, 字諏訪前１５５６−１",0577-72-4188,N/A,https://stores.homecentervalor.co.jp/detail/5,3.5,186
下本商会,"3-chōme-72 Sōwamachi, Takayama, Gifu 506-0007, Japan",0577-33-0333,N/A,http://www.shimomoto.jp/,4.1,46
Murakane,"3-17 Furukawachō Nanseichō, Hida, Gifu 509-4253, Japan",0577-73-2311,N/A,http://yanezai.jp/modules/pico/index.php?cat_id=1,1,2
Shimojo,"1221 Kamiokachō Funatsu, Hida, Gifu 506-1161, Japan",0578-82-1137,N/A,https://www.facebook.com/shimosada,4,1
Marusan Hardware,"7-16 Furukawachō Ninomachi, Hida, Gifu 509-4235, Japan",0577-73-2538,N/A,N/A,4.6,5
HomeCenter Valor Takayama Hardware Pavilion,"3-chōme-608 Nishinoisshikimachi, Takayama, Gifu 506-0031, Japan",N/A,N/A,N/A,5,1
（有）寺田設備,"3246-22 Enakomachi, Takayama, Gifu 506-0818, Japan",0577-36-3001,N/A,N/A,3,1
宮本 金物なんでもセンター,"56 Tonyamachi, Takayama, Gifu 506-0002, Japan",0577-32-2023,N/A,N/A,N/A,N/A
原田鉄筋加工店,"1 Chome Sowamachi, Takayama, Gifu 506-0007, Japan",0577-32-0056,N/A,N/A,3,1
高松鋸刃物店,"1405-1 Kamiokachō Funatsu, Hida, Gifu 506-1161, Japan",0578-82-2583,N/A,N/A,N/A,N/A
山下金物店,"1227-1 Kamiokachōtono, Hida, Gifu 506-1121, Japan",0578-82-6986,N/A,N/A,N/A,N/A
高桑研磨加工所,"36 Kamiokachō Kamasaki, Hida, Gifu 506-1145, Japan",0578-82-3965,N/A,N/A,N/A,N/A
野林金物店,"936 Kamiokachōtono, Hida, Gifu 506-1121, Japan",0578-82-5335,N/A,N/A,N/A,N/A
Hodaka Toyama,"１１２２番地 Tenshōji, Toyama, 930-0955, Japan",076-423-3600,N/A,https://www.dcm-hc.co.jp/shop/detail/01_0765.html?utm_source=google&utm_medium=maps,4,464
Hodaka Takaoka,"5-５番７号 Kumanomachi, Takaoka, Toyama 933-0903, Japan",0766-23-2667,N/A,https://www.dcm-hc.co.jp/shop/detail/01_0779.html?utm_source=google&utm_medium=maps,4,315
Act Tool - Toyama,"8-11 Chiyodamachi, Toyama, 930-0811, Japan",076-432-8055,N/A,https://act-kougu.com/profile/,4.8,202
Odake,"3-chōme-3-29 Toiyamachi, Toyama, 930-0834, Japan",076-451-1280,N/A,https://www.odake.co.jp/,1,1
山田雑貨店（有）,"2-chōme-3-6 Takaramachi, Toyama, 930-0007, Japan",076-432-7282,N/A,N/A,4.5,24
二口金物 本店,"5-2 Chūōmachi, Imizu, Toyama 934-0012, Japan",0766-84-5555,N/A,http://www.futakuchikanamono.jp/,4.7,9
Yonehara,"948 Sano, Takaoka, Toyama 933-0826, Japan",0120-275-511,N/A,http://yoneharakanamono.jp/%E5%BA%97%E8%88%97%E6%83%85%E5%A0%B1/,4,10
山本金物店,"2-chōme-2-3 Muromachidōri, Toyama, 930-0051, Japan",076-421-0017,N/A,N/A,4,2
株式会社 金七金物店,"198 Tonyamachi, Takaoka, Toyama 933-0804, Japan",0766-21-8787,N/A,http://www.kanasiti.com/,5,1
（有）高野商店,"2889-5 Futakuchi, Imizu, Toyama 939-0234, Japan",0766-52-0104,N/A,N/A,3.6,11
山岸金物店,"1701 Higashifukusawa, Toyama, 930-1281, Japan",076-483-2336,N/A,N/A,4.7,7
Hashimoto,"5-1 Kaihotsuhonmachi, Takaoka, Toyama 933-0909, Japan",0766-24-5525,N/A,N/A,3.9,7
（有）沢田金物,"3-chōme-11-11 Toidemachi, Takaoka, Toyama 939-1104, Japan",0766-63-0253,N/A,https://r.goope.jp/sr-16-162022s0024/,4.5,2
高田金物店,"13-8 Okudamachi, Toyama, 930-0818, Japan",076-431-1039,N/A,N/A,5,2
メタルトップ（高田電業）,"247 Takauchi, Toyama, 939-2254, Japan",076-468-1581,N/A,N/A,3.8,4
(有)樫山商店 樫山金物店,"1438 Yatsuomachi Shitashinmachi, Toyama, 939-2352, Japan",076-455-2300,N/A,http://kashikanamono.cart.fc2.com/,4.3,3
中山金物店,"1203 Shinmeimachi, Namerikawa, Toyama 936-0032, Japan",076-475-0221,N/A,N/A,5,1
武田文平商店,"64 Mikkaichi, Kamiichi, Nakaniikawa District, Toyama 930-0325, Japan",076-472-0307,N/A,N/A,3.5,4
広田刃物店,"10-11 Honmachi, Takaoka, Toyama 933-0913, Japan",0766-22-9254,N/A,N/A,5,4
（有）野上金物,"563-1 Himeno, Takaoka, Toyama 934-0093, Japan",0766-84-8833,N/A,N/A,4.4,5
中本金物店,"439 Kamiizumi, Himi, Toyama 935-0037, Japan",0766-91-4513,N/A,N/A,4,4
Bic Camera Namba Store,"2-chōme-10-1 Sennichimae, Chuo Ward, Osaka, 542-0074, Japan",06-6634-1111,N/A,https://www.biccamera.com/bc/i/shop/shoplist/shop013.jsp?ref=gmb,4,18358
Kohnan PRO,"2-chōme-2-105 Sugahara, Higashiyodogawa Ward, Osaka, 533-0022, Japan",06-6990-7031,N/A,https://map.hc-kohnan.com/shop/403,3.9,1616
Konan PRO WORK & TOOL Honjonishiten,"3-chōme-8-29 Honjōnishi, Kita Ward, Osaka, 531-0073, Japan",06-4802-5700,N/A,https://map.hc-kohnan.com/shop/477?utm_source=google&utm_medium=maps&utm_campaign=gmb,3.7,747
Kohnan PRO,"7-chōme-1-7 Nishikujō, Konohana Ward, Osaka, 554-0012, Japan",06-6460-6571,N/A,https://map.hc-kohnan.com/shop/413,3.8,892
Kohnan Pro Toyonaka Shomoto,"4-chōme-4-30 Shōmotochō, Toyonaka, Osaka 561-0835, Japan",06-6335-3313,N/A,https://map.hc-kohnan.com/shop/411,3.6,836
Kohnan Pro,"10-68 Imazudezaikechō, Nishinomiya, Hyogo 663-8227, Japan",0798-38-2141,N/A,https://map.hc-kohnan.com/shop/415,3.9,460
Kohnan PRO Ikuno,"4-chōme-5-45 Tatsuminishi, Ikuno Ward, Osaka, 544-0012, Japan",06-6752-3771,N/A,https://map.hc-kohnan.com/shop/427?utm_source=google&utm_medium=maps&utm_campaign=gmb,3.6,522
Kohnan PRO Ibarakiten Home Improvement,"4-chōme-8-18 Sawaraginishi, Ibaraki, Osaka 567-0868, Japan",072-633-0872,N/A,https://map.hc-kohnan.com/shop/410,3.6,1062
Konan PRO Jotohigashinakahamaten,"8-chōme-1-27 Higashinakahama, Joto Ward, Osaka, 536-0023, Japan",06-4258-5700,N/A,https://map.hc-kohnan.com/shop/468,3.6,439
Kohnan PRO,"1 Chome-7 Bainan, Nishinari Ward, Osaka, 557-0033, Japan",06-6655-5701,N/A,https://map.hc-kohnan.com/shop/645,3.6,59
Kohnan Pro Sakai Sanbo,"3-chōme-167-1 Sanbōchō, Sakai Ward, Sakai, Osaka 590-0906, Japan",072-233-7201,N/A,https://map.hc-kohnan.com/shop/428?utm_source=google&utm_medium=maps&utm_campaign=gmb,3.6,590
Kohnan PRO,"3-chōme-1-1 Shinzaike Minamimachi, Nada Ward, Kobe, Hyogo 657-0864, Japan",078-805-4371,N/A,https://map.hc-kohnan.com/shop/408,3.8,886
Kohnan Pro Itami Koya,"8-chōme-46番地1 Koya, Itami, Hyogo 664-0881, Japan",072-782-5705,N/A,https://map.hc-kohnan.com/shop/608,3.8,180
Konan PRO Sekimeten,"1-chōme-1-9 Sekime, Joto Ward, Osaka, 536-0008, Japan",06-6786-5711,N/A,https://map.hc-kohnan.com/shop/644,3.8,48
Kohnan Pro,"3-chōme-10-１０番1号 Imamiya, Minoh, Osaka 562-0033, Japan",072-727-5705,N/A,https://map.hc-kohnan.com/shop/483?utm_source=google&utm_medium=maps&utm_campaign=gmb,3.6,197
Kohnan PRO Kadoma Shimagashira,"4-chōme-1-36 Shimagashira, Kadoma, Osaka 571-0016, Japan",072-884-0270,N/A,https://map.hc-kohnan.com/shop/456?utm_source=google&utm_medium=maps&utm_campaign=gmb,3.5,333
Kohnan Pro Neyagawa Niwaji,"20-11 Niwajichō, Neyagawa, Osaka 572-0066, Japan",072-827-4032,N/A,https://map.hc-kohnan.com/shop/405,3.7,1087
Kohnan PRO,"5-chōme-2-14 Minamitsumori, Nishinari Ward, Osaka, 557-0063, Japan",06-6656-7061,N/A,https://map.hc-kohnan.com/shop/430?utm_source=google&utm_medium=maps&utm_campaign=gmb,3.6,802
Kohnan Pro Amagasaki Osho,"77-4 Ōshōkawatachō, Amagasaki, Hyogo 660-0072, Japan",06-6411-0057,N/A,https://map.hc-kohnan.com/shop/607,3.5,178
Kohnan PRO Higashiosaka,"2-chōme-3-3 Mikuriyanaka, Higashiosaka, Osaka 577-0035, Japan",06-6789-8070,N/A,https://map.hc-kohnan.com/shop/412,3.5,531
Kohnan Pro Toji minami,"3番地2 Nishikujō Nandenchō, Minami Ward, Kyoto, 601-8441, Japan",075-693-5701,N/A,https://map.hc-kohnan.com/shop/480,3.5,246
Kohnan PRO Tenjingawa Takatsuji Dori,"78番地 Saiinhigashikaigawachō, Ukyo Ward, Kyoto, 615-0057, Japan",075-322-5700,N/A,https://map.hc-kohnan.com/shop/614?utm_source=google&utm_medium=maps&utm_campaign=gmb,3.7,193
Konan PRO Kusatsu Store,"324-1 Kinokawachō, Kusatsu, Shiga 525-0051, Japan",077-569-5657,N/A,https://map.hc-kohnan.com/shop/437?utm_source=google&utm_medium=maps&utm_campaign=gmb,3.9,592
Kohnan PRO,"31-1 Kisshōin Makiechō, Minami Ward, Kyoto, 601-8344, Japan",075-681-5701,N/A,https://map.hc-kohnan.com/shop/459?utm_source=google&utm_medium=maps&utm_campaign=gmb,3.6,812
Kohnan Pro Fushimi Shimotoba,"101番地 Shimotoba Tajimachō, Fushimi Ward, Kyoto, 612-8208, Japan",075-612-5250,N/A,https://map.hc-kohnan.com/shop/458,3.7,532
Kohnan Pro Takatsuki Shimotanabe,"2-chōme-10-10番7号 Shimotanabechō, Takatsuki, Osaka 569-0062, Japan",072-662-5700,N/A,https://map.hc-kohnan.com/shop/469?utm_source=google&utm_medium=maps&utm_campaign=gmb,3.6,282
Shima Corporation Kyoto Fushimi,"Japan, 〒612-0029 Kyoto, Fushimi Ward, Fukakusa Nishiurachō, 1-chōme １６番",075-646-2818,N/A,https://www.sima-corp.jp/,4,528
Konan PRO Hirakataomineten,"Japan, 〒573-0145 Osaka, Hirakata, Ōmine Minamimachi, 8 8番1号",072-897-5701,N/A,https://map.hc-kohnan.com/shop/633,4,35
Kohnan PRO R171 Mukomachi,"Tsukuda-15番地 Morimotochō, Muko, Kyoto 617-0003, Japan",075-921-2102,N/A,https://map.hc-kohnan.com/shop/353-2?utm_source=google&utm_medium=maps&utm_campaign=gmb,3.8,462
Kohnan PRO Uji Okubo,"Japan, 〒611-0031 京都府宇治市広野町茶屋裏２１",0774-44-6886,N/A,https://map.hc-kohnan.com/shop/422,3.7,381
Kohnan Pro Yawata Ichinotsubo,"Japan, 〒614-8216 Kyoto, Yawata, Touzu, Taninokuchi ７番地",075-972-0026,N/A,https://map.hc-kohnan.com/shop/444?utm_source=google&utm_medium=maps&utm_campaign=gmb,3.8,650
Hodaka Ritto,"530-1 Deba, Ritto, Shiga 520-3041, Japan",077-554-8001,N/A,https://www.dcm-hc.co.jp/shop/detail/01_0772.html?utm_source=google&utm_medium=maps,4,539
Shima Corporation Kyoto Ukyo Shop,"101 Saiinnishidachō, Ukyo Ward, Kyoto, 615-0055, Japan",075-325-5828,N/A,https://www.sima-corp.jp/shop/kyoto_ukyo/,3.9,667
Kohnan Pro Rokujizo,"23-1 Momoyamachō Yamanoshita, Fushimi Ward, Kyoto, 612-8002, Japan",075-621-5810,N/A,https://map.hc-kohnan.com/shop/443?utm_source=google&utm_medium=maps&utm_campaign=gmb,3.7,391
Kohnan Pro Takatsuki Kanmaki,"1-125 Kanmakiminamiekimaechō, Takatsuki, Osaka 569-0004, Japan",072-660-4061,N/A,https://map.hc-kohnan.com/shop/457?utm_source=google&utm_medium=maps&utm_campaign=gmb,3.8,152
Shimakoporeshontakatsukiten,"18-16 Midorichō, Takatsuki, Osaka 569-0094, Japan",072-672-8803,N/A,https://www.sima-corp.jp/,4,259
Shima Corporation Uji,"2-2 Hirakichō, Uji, Kyoto 611-0026, Japan",0774-41-3488,N/A,https://www.sima-corp.jp/,3.9,219
Konan PRO Kameoka Shino Shop,"Ihora-32番地1 Shinochōnojō, Kameoka, Kyoto 621-0822, Japan",0771-22-5760,N/A,https://map.hc-kohnan.com/shop/621?utm_source=google&utm_medium=maps&utm_campaign=gmb,4,24
サトウ金物 北白川本店,"Japan, 〒606-8161 Kyoto, Sakyo Ward, Ichijōji Kinomotochō, ３７ Ｋ’Ｓ北白川",075-781-2948,N/A,N/A,4.1,181
Sato Kanamono Daigo,"9-1 Kanshūji Kanrinji, Yamashina Ward, Kyoto, 607-8217, Japan",075-575-2468,N/A,N/A,4.2,106
Kohnan PRO,"4-chōme-1-7 Ashiharadōri, Hyogo Ward, Kobe, Hyogo 652-0882, Japan",078-686-7681,N/A,https://map.hc-kohnan.com/shop/449?utm_source=google&utm_medium=maps&utm_campaign=gmb,3.7,512
Kohnan Pro Ikawadani,"Junna-1118-1 Ikawadanichō, Nishi Ward, Kobe, Hyogo 651-2124, Japan",078-978-5750,N/A,https://map.hc-kohnan.com/shop/481,3.7,207
Kohnan Pro (Amagasaki Shino-sakabe),"3-chōme-20-20番10号 Shimosakabe, Amagasaki, Hyogo 661-0975, Japan",06-6494-5755,N/A,https://map.hc-kohnan.com/shop/626?utm_source=google&utm_medium=maps&utm_campaign=gmb,3.9,57
Shima Corporation hardware Koguya,"2-chōme-1-40 Nishinagasuchō, Amagasaki, Hyogo 660-0805, Japan",06-4868-9008,N/A,https://www.sima-corp.jp/,4.1,533
コーナンPRO西宮北インター店,"2-chōme-2-41 Yamaguchichō Shimoyamaguchi, Nishinomiya, Hyogo 651-1412, Japan",078-903-5700,N/A,https://map.hc-kohnan.com/shop/653,3.8,25
Kohnan Pro Myodani,"Japan, 〒655-0852 Hyogo, Kobe, Tarumi-ku, Myōdanichō, 字向井畑3487-2",078-797-7507,N/A,https://kohnan-pro.com/,4.5,4
Hodaka Itami,"5-chōme-3-6 Yamada, Itami, Hyogo 664-0874, Japan",072-783-0058,N/A,https://www.dcm-hc.co.jp/shop/detail/02_4570.html?utm_source=google&utm_medium=maps,4.1,398
コーナンPRO川西加茂店,"5-chōme-2-3 Kamo, Kawanishi, Hyogo 666-0025, Japan",072-769-5700,N/A,https://map.hc-kohnan.com/shop/667,4.7,3
靴と鍵の未来工房 阪神尼崎店,"Japan, 〒660-0884 Hyogo, Amagasaki, Kanda Nakadōri, 3-chōme−５６ １F",06-6417-4169,N/A,https://asa-lock.com/,4.9,22
みきかじや村TOOL SHOP,"58-14 Ōmura, Miki, Hyogo 673-0404, Japan",0794-83-1123,N/A,http://www.miki-japan.com/,4.8,35
堺正元刃物店本店,"Japan, 〒652-0844 Hyogo, Kobe, Hyogo Ward, Nakanoshima, 1-chōme−1−４ 中央卸売市場 内",078-672-8216,N/A,http://sakaimasamoto.com/,4.7,34
鍋屋装飾金物（有）,"Japan, 〒650-0011 Hyogo, Kobe, Chuo Ward, Shimoyamatedōri, 8-chōme−16−１１ 金物ビル",078-341-4001,N/A,N/A,4.5,19
Kokoira,"2-chōme-9-36 Honmachi, Miki, Hyogo 673-0431, Japan",0794-82-0442,N/A,https://www.3suzu.com/,4.5,30
（有）三木屋,"2-chōme-4-11 Kumoidōri, Chuo Ward, Kobe, Hyogo 651-0096, Japan",078-221-8204,N/A,N/A,4.3,4
Home Center Valor,"Kamiyashiki-1-3 Heiwachō Kamimiyake, Inazawa, Aichi 490-1303, Japan",0567-47-1200,N/A,https://stores.homecentervalor.co.jp/detail/38,3.9,2620
Kohnan Pro Atsuta Yonbancho,"2-chōme-21-51 Yonban, Atsuta Ward, Nagoya, Aichi 456-0051, Japan",052-661-7557,N/A,https://map.hc-kohnan.com/shop/418,3.8,553
Kohnan Pro Komaki,"4-chōme-140-1 Horinouchi, Komaki, Aichi 485-0046, Japan",0568-42-1803,N/A,https://map.hc-kohnan.com/shop/426,3.7,1425
Hodaka Tempaku shop,"1-chōme-２１７番 Nakahira, Tempaku Ward, Nagoya, Aichi 468-0014, Japan",052-800-8141,N/A,https://www.dcm-hc.co.jp/shop/detail/01_0758.html?utm_source=google&utm_medium=maps,3.8,633
ホダカ 知立店,"Japan, 〒472-0056 Aichi, Chiryu, Takara, 2-chōme−１０−２３",0566-84-5277,N/A,https://www.dcm-hc.co.jp/shop/detail/01_0752.html?utm_source=google&utm_medium=maps,3.9,778
Hodaka Nagoya Meisei,"Japan, 〒451-0076 Aichi, Nagoya, Nishi Ward, Tōganchō, 2-chōme−３７番３８",052-528-3501,N/A,https://www.dcm-hc.co.jp/shop/detail/01_0769.html?utm_source=google&utm_medium=maps,3.9,415
Hodaka Odaka shop,"Torashinden-10-1 Ōdakachō, Midori Ward, Nagoya, Aichi 459-8001, Japan",052-629-4161,N/A,https://www.dcm-hc.co.jp/shop/detail/01_0768.html?utm_source=google&utm_medium=maps,4,525
コーナンPRO春日井稲口店,"3-chōme-1番地6 Inaguchichō, Kasugai, Aichi 486-0905, Japan",0568-35-5781,N/A,https://map.hc-kohnan.com/shop/643,4,35
DCM Hodaka - Toyota (Pro Shop),"7-chōme-７１番１ Kakimotochō, Toyota, Aichi 471-0855, Japan",0565-25-3040,N/A,https://www.dcm-hc.co.jp/shop/detail/01_0770.html?utm_source=google&utm_medium=maps,4,508
Konan PRO Hoshoten,"Japan, 〒457-0828 愛知県名古屋市南区宝生町３丁目２２",052-611-5700,N/A,https://map.hc-kohnan.com/shop/610,3.9,117
Pro Site Meiko,"1-chōme-8 Aburayachō, Minato Ward, Nagoya, Aichi 455-0815, Japan",052-382-2483,N/A,https://stores.homecentervalor.co.jp/detail/6/,3.7,329
Kohnan Pro,"Gōura-４００番地 Tanyōchō Dosaki, Ichinomiya, Aichi 491-0825, Japan",0586-75-3010,N/A,https://map.hc-kohnan.com/shop/419,3.8,294
Hodaka Nagoya touchi shop,"3-chōme-２７０４番地 Tōchi, Minato Ward, Nagoya, Aichi 455-0804, Japan",052-389-5255,N/A,https://www.dcm-hc.co.jp/shop/detail/01_0751.html?utm_source=google&utm_medium=maps,3.8,544
Hodaka Komaki,"3-chōme-１９４番 Sotobori, Komaki, Aichi 485-0039, Japan",0568-42-1441,N/A,https://www.dcm-hc.co.jp/shop/detail/01_0759.html?utm_source=google&utm_medium=maps,3.9,513
コーナンPRO新守山店,"Japan, 〒463-0070 Aichi, Nagoya, Moriyama Ward, Shinmoriyama, 2906番",052-758-5730,N/A,https://map.hc-kohnan.com/shop/646,3.6,28
Hodaka Kasugai,"Tōkyū-13-2 Rokkenyachō, Kasugai, Aichi 486-0842, Japan",0568-86-3822,N/A,https://www.dcm-hc.co.jp/shop/detail/01_0755.html?utm_source=google&utm_medium=maps,3.8,544
Hodaka Ichinomiya,"4-chōme-1-8 Akami, Ichinomiya, Aichi 491-0023, Japan",0586-26-1411,N/A,https://www.dcm-hc.co.jp/shop/detail/01_0760.html?utm_source=google&utm_medium=maps,3.8,450
DCM Pro Senonji,"2-chōme-1409 Niie, Nakagawa Ward, Nagoya, Aichi 454-0972, Japan",052-439-0090,N/A,https://www.dcm-hc.co.jp/shop/detail/01_0502.html?utm_source=google&utm_medium=maps,3.7,936
Home Center Valor Konan,"Nishimachi-70 Takayachō, Konan, Aichi 483-8066, Japan",0587-53-2483,N/A,https://stores.homecentervalor.co.jp/detail/8,3.4,585
Home Center Valor Kozoji,"Japan, 〒487-0024 Aichi, Kasugai, Ōdomechō, 4-chōme−６−３",0568-52-2577,N/A,https://stores.homecentervalor.co.jp/detail/63,3.8,918
Kohnan Pro,"5-15 Rokuchōnome Higashimachi, Wakabayashi Ward, Sendai, Miyagi 984-0004, Japan",022-390-6006,N/A,https://map.hc-kohnan.com/shop/431,3.8,578
Kohnan Pro,"Nagakuki-3番地2 Matsumori, Izumi Ward, Sendai, Miyagi 981-3111, Japan",022-771-5885,N/A,https://map.hc-kohnan.com/shop/433?utm_source=google&utm_medium=maps&utm_campaign=gmb,3.7,412
Kohnan PRO,"2-chōme-15-26 Yawata, Tagajo City, Miyagi 985-0874, Japan",022-361-7616,N/A,https://map.hc-kohnan.com/shop/446,3.7,371
コーナンPRO中田店,"5-chōme-17-1 Nakada, Taihaku Ward, Sendai, Miyagi 981-1104, Japan",022-306-5725,N/A,https://map.hc-kohnan.com/shop/642,4,47
Hodaka Sendai Takasago,"1-chōme-1-52 Fukumuro, Miyagino Ward, Sendai, Miyagi 983-0005, Japan",022-387-1888,N/A,https://www.dcm-hc.co.jp/shop/detail/03_4581.html?utm_source=google&utm_medium=maps,4.1,149
Daiyu 8,"Japan, 〒982-0251 Miyagi, Sendai, Taihaku Ward, Moniwa, 1-chōme−２ ２番地",022-302-5437,N/A,https://www.daiyu8.co.jp/tenpo/197.html?utm_source=google&utm_medium=maps,3.6,815
PRO SHOP HODAKA,"Sengarita-535-1 Kamiyouden, Natori, Miyagi 981-1222, Japan",022-382-8231,N/A,https://www.dcm-hc.co.jp/shop/detail/03_4573.html?utm_source=google&utm_medium=maps,4,484
エイトプロ 岩沼店,"3-25 Kajibashi, Iwanuma, Miyagi 989-2472, Japan",0223-23-0960,N/A,https://www.daiyu8.co.jp/eightpro/tenpo/453.html?utm_source=google&utm_medium=maps&utm_campaign=ep_iwanuma,4.3,13
Nankodaikanamono Rokuchometen,"Japan, 〒984-0032 Miyagi, Sendai, Wakabayashi Ward, Arai, 5-chōme−１６−３",022-288-5050,N/A,http://www.nankoudai-kanamono.co.jp/company/,3.8,26
Sanyoko Gyo,"5-chōme-9-1 Ōgimachi, Miyagino Ward, Sendai, Miyagi 983-0034, Japan",022-232-5311,N/A,https://www.sanyo-industries.co.jp/company/location.html,3,3
Chomeigaokakanamonoten,"3-chōme-3-16 Chōmeigaoka, Izumi Ward, Sendai, Miyagi 981-3212, Japan",022-378-4175,N/A,http://www.nankoudai-kanamono.co.jp/company/,4,46
Nankodaikanamono Matsumoriten,"Sashimatsu-9-4 Matsumori, Izumi Ward, Sendai, Miyagi 981-3111, Japan",022-375-5530,N/A,http://www.nankoudai-kanamono.co.jp/,3.7,35
Nankodaikanamono Nankodai Honten,"1-chōme-1-9 Nankōdaiminami, Izumi Ward, Sendai, Miyagi 981-8002, Japan",022-251-0088,N/A,http://www.nankoudai-kanamono.co.jp/,4.3,59
加藤義永刃物店,"4-chōme-5-8 Ichibanchō, Aoba Ward, Sendai, Miyagi 980-0811, Japan",022-222-5346,N/A,N/A,4.5,49
Tomiya Hardware,"Japan, 〒981-3304 Miyagi, Tomiya, Hiyoridai, 1-chōme−４３−３",022-358-7676,N/A,http://www.nankoudai-kanamono.co.jp/tomiyakanamono/,3.8,6
㈱佐勘金物店,"Japan, 〒980-0871 Miyagi, Sendai, Aoba Ward, Hachiman, 5-chōme−2−８ リフレ佐勘",022-234-3361,N/A,https://www.sakan8man.com/,4,44
Natori Hardware,"Yokaranakahigashi-14-1 Takadatekumanodō, Natori, Miyagi 981-1241, Japan",022-386-3330,N/A,N/A,3.9,22
セゾンオクダ(奥田金物㈱本店 小売部),"1-chōme-6-15 Kokubunchō, Aoba Ward, Sendai, Miyagi 980-0803, Japan",022-221-5331,N/A,http://www.okuda-hardware.com/,3.9,14
㈱さかえ金物店,"1-chōme-16-35 Ochiai, Aoba Ward, Sendai, Miyagi 989-3126, Japan",022-392-2265,N/A,https://sakae-kanamono.com/,3.9,35
アーリーバード泉店,"Jingahara-53 Matsumori, Izumi Ward, Sendai, Miyagi 981-3111, Japan",022-371-4788,N/A,N/A,3.8,16
Hodaka Higashisenboku,"3-chōme-23-17 Senboku, Morioka, Iwate 020-0861, Japan",019-631-1115,N/A,https://www.dcm-hc.co.jp/shop/detail/03_4574.html?utm_source=google&utm_medium=maps,4.1,387
SUZUKI MORIHISA STUDIO Ltd.,"1-chōme-6-7 Minamiōdōri, Morioka, Iwate 020-0874, Japan",019-622-3809,N/A,http://www.suzukimorihisa.com/,4.9,17
コメリＰＲＯ盛岡津志田店,"1-chōme-12-50 Tsushidaminami, Morioka, Iwate 020-0839, Japan",019-613-7801,N/A,https://www.komeri.com/shop/storeSearch/storeDetail.aspx?id=4058,N/A,N/A
中忠鋸刃物店,"1-chōme-3-13 Minamiōdōri, Morioka, Iwate 020-0874, Japan",019-623-2545,N/A,N/A,4.5,17
㈲丸水工業,"242-2 Nago, Shizukuishi, Iwate District, Iwate 020-0556, Japan",019-692-5456,N/A,N/A,2.5,4
㈲細田金物 盛岡インター店,"Yokonagane-52-6 Kamikuriyagawa, Morioka, Iwate 020-0143, Japan",019-645-1122,N/A,http://www.hosoda-kanamono.com/,3.7,12
㈲木文商店,"22 Kamimachiminami, Shizukuishi, Iwate District, Iwate 020-0530, Japan",019-692-2010,N/A,https://www.big-advance.site/s/197/1448,3.7,10
㈱ヤナギハラ,"Dai 8 Chiwari-37 Ishidoriyachō Kōchi, Hanamaki, Iwate 028-3101, Japan",0198-45-2055,N/A,N/A,5,4
㈲斎藤商店,"Natsumagi-84-31 Kōma, Morioka, Iwate 028-4125, Japan",019-682-0301,N/A,N/A,3.4,7
Hosoda Hardware,"6-20 Shindenchō, Morioka, Iwate 020-0042, Japan",019-622-8220,N/A,http://www.hosoda-kanamono.com/,3.6,5
工藤設備,"Dai 32 Chiwari-277-1 Ōbuke, Hachimantai, Iwate 028-7111, Japan",0195-76-2483,N/A,N/A,3.5,6
村井金物店,"3-chōme-12-52 Minamiōdōri, Morioka, Iwate 020-0874, Japan",019-622-4580,N/A,N/A,4,1
㈲平出貢金物店,"3-chōme-2-3 Ōdōri, Morioka, Iwate 020-0022, Japan",019-624-5011,N/A,N/A,N/A,N/A
吉重 荒物雑貨店,"8-21 Tenjinchō, Morioka, Iwate 020-0881, Japan",019-622-9033,N/A,N/A,N/A,N/A
中屋五郎商店,"1-41 Mikodachō, Morioka, Iwate 020-0826, Japan",019-622-8375,N/A,N/A,2,1
泉金物産㈱ 水道事業部,"3-chōme-9-16 Ryūtsū Center Minami, Yahaba, Shiwa District, Iwate 020-0891, Japan",019-656-9095,N/A,N/A,N/A,N/A
はしもと商店,"Kōriyamaeki-204 Hizume, Shiwa, Shiwa District, Iwate 028-3305, Japan",019-672-2394,N/A,N/A,N/A,N/A
高村金物店,"73 Machiura, Shizukuishi, Iwate District, Iwate 020-0554, Japan",019-692-2120,N/A,N/A,N/A,N/A
Saito Hardware,"21-3 Kamimachihigashi, Shizukuishi, Iwate District, Iwate 020-0539, Japan",019-692-2329,N/A,N/A,5,1
中屋五郎商店,"32-3 Kamimachiminami, Shizukuishi, Iwate District, Iwate 020-0530, Japan",019-692-2332,N/A,N/A,4,1
Daiyu 8,"933-3 Nakadamachi, Yonezawa, Yamagata 992-0011, Japan",0238-36-0118,N/A,https://www.daiyu8.co.jp/tenpo/171.html?utm_source=google&utm_medium=maps,3.7,404
Daiyu 8 Nanyo,"Japan, 〒999-2261 Yamagata, Nanyō, Kamouda, 字清水上１４７０−１",0238-59-0140,N/A,https://www.daiyu8.co.jp/tenpo/123.html?utm_source=google&utm_medium=maps,3.3,265
Daiyu 8 Takahata,"660-2 Ainomori, Takahata, Higashiokitama District, Yamagata 992-0351, Japan",0238-51-0035,N/A,https://www.daiyu8.co.jp/tenpo/195.html?utm_source=google&utm_medium=maps,3.6,244
㈱日向屋商店,"13-8 Tatemachiminami, Nagai, Yamagata 993-0013, Japan",0238-84-1576,N/A,https://www.hyugaya.co.jp/,3.7,26
株式会社 大清 プロショップ東店,"3-chōme-8-22 Chūō, Yonezawa, Yamagata 992-0045, Japan",0238-23-8111,N/A,http://www.daysay.co.jp/,3.8,12
株式会社 大清 プロショップ西店,"4-chōme-1-6 Chūō, Yonezawa, Yamagata 992-0045, Japan",0238-23-8110,N/A,http://daysay.co.jp/,4,17
㈱尾形商店,"3-chōme-4-1 Montōmachi, Yonezawa, Yamagata 992-0039, Japan",0238-22-1217,N/A,N/A,3.1,7
荒井金物企業組合本社,"204-1 Natsumo, Takahata, Higashiokitama District, Yamagata 999-2172, Japan",0238-57-3170,N/A,N/A,3.4,28
小関又兵衛商店,"2790 Nakakomatsu, Kawanishi, Higashiokitama District, Yamagata 999-0122, Japan",0238-42-2207,N/A,http://samidare.jp/matabe/,4.1,7
刃物の店 太兵衛のこぎり,"4573 Kajimachi, Yonezawa, Yamagata 992-0014, Japan",0238-23-7662,N/A,N/A,4.8,9
ネットショップどうや 有限会社 銅屋,"3503 Kamikomatsu, Kawanishi, Higashiokitama District, Yamagata 999-0121, Japan",0238-46-2332,N/A,http://www.omn.ne.jp/~do/,4.9,10
㈱尾形商店 中田営業所,"751-7 Nakadamachi, Yonezawa, Yamagata 992-0011, Japan",0238-37-2631,N/A,N/A,3.3,3
Nabe-ya,"1-chōme-10-15 Tōkamachi, Nagai, Yamagata 993-0086, Japan",0238-88-2577,N/A,N/A,4.6,7
足立金物店,"3-chōme-9-27 Chūō, Yonezawa, Yamagata 992-0045, Japan",0238-23-1340,N/A,N/A,4.7,3
㈲鈴木設備工業,"233-1 Sekine, Nanyō, Yamagata 999-2255, Japan",0238-43-5217,N/A,N/A,4.3,3
南陽市上下水道工業協同組合,"605-1 Wakasagōya, Nanyō, Yamagata 999-2262, Japan",0238-40-3820,N/A,http://nan-sui.dazoo.ne.jp/,3,1
㈱喜助 長井営業所,"667-3 Izumi, Nagai, Yamagata 993-0031, Japan",0238-84-2028,N/A,https://satoh-kisuke.co.jp/,3,1
㈱長谷部本店 レスト,"819-1 Narita, Nagai, Yamagata 993-0075, Japan",0238-84-7378,N/A,N/A,5,1
石井商店,"3-chōme-6-10 Matsugasaki, Yonezawa, Yamagata 992-0053, Japan",0238-23-3029,N/A,N/A,N/A,N/A
かまや金物店,"2-chōme-5-11 Kōyachō, Nagai, Yamagata 993-0085, Japan",0238-88-2277,N/A,N/A,4,2
Kohnan Pro Jonan Katae,"5-chōme-51-51番15号 Katae, Jonan Ward, Fukuoka, 814-0142, Japan",092-872-5715,N/A,https://map.hc-kohnan.com/shop/623?utm_source=google&utm_medium=maps&utm_campaign=gmb,4.1,103
Kohnan Pro Nakagawa,"2-chōme-62-番地 Matsunoki, Nakagawa, Fukuoka 811-1251, Japan",092-953-5701,N/A,https://map.hc-kohnan.com/shop/615,4,151
Konan PRO Fukuokashinguten,"999-1 Mishiro, Shingu, Kasuya District, Fukuoka 811-0111, Japan",092-940-5023,N/A,https://map.hc-kohnan.com/shop/448?utm_source=google&utm_medium=maps&utm_campaign=gmb,4.2,54
コーナンPRO太宰府店,"5 Chome-13 Ozano, Dazaifu, Fukuoka 818-0134, Japan",092-917-5700,N/A,https://map.hc-kohnan.com/shop/658,4.4,12
株式会社はら金物店,"1-chōme-2-18 Keyagō, Minami Ward, Fukuoka, 811-1324, Japan",092-571-6422,N/A,https://www.hara-hws.co.jp/,4.2,62
刃物の店 豊勝,"2-chōme-8-218 Tenjin, Chuo Ward, Fukuoka, 810-0001, Japan",092-741-1959,N/A,http://www.shintencho.or.jp/toyokatsu/index.html,4,45
村山金物,"2-chōme-13-9 Chiyo, Hakata Ward, Fukuoka, 812-0044, Japan",092-641-0561,N/A,http://www.k-murayama.co.jp/,4.5,26
金物屋リキ福岡春日店,"1-28 Miharugaoka, Nakagawa, Fukuoka 811-1216, Japan",092-954-0917,N/A,https://www.riki.co.jp/kasuga.html,3.9,15
福設サービス(株) 福岡支店,"1042-1 Taniyama, Koga, Fukuoka 811-3125, Japan",092-942-7851,N/A,http://www.fss-24.com/,2.5,4
株式会社 仲西,"7-chōme-6-4 Yoshizuka, Hakata Ward, Fukuoka, 812-0041, Japan",092-612-6415,N/A,http://nakanishi-fukuoka.com/,3,9
Yamadaya,"2-chōme-10-7 Mikasagawa, Onojo, Fukuoka 816-0912, Japan",092-504-0575,N/A,N/A,4.1,7
（有）姫路屋建材,"1-chōme-9-10 Imanoshō, Koga, Fukuoka 811-3117, Japan",092-942-5628,N/A,http://www.himejiya.com/,4.4,12
寿美アート工業株式会社,"1-chōme-2-8 Matsuda, Higashi Ward, Fukuoka, 812-0064, Japan",092-611-1153,N/A,https://sumiart.co.jp/,4.3,3
（有）岡部金物建材店,"4-chōme-2-20 Minamigaoka, Onojo, Fukuoka 816-0964, Japan",092-596-3037,N/A,N/A,4.5,12
（有）かすが機工商会,"3-chōme-114 Momijigaokanishi, Kasuga, Fukuoka 816-0832, Japan",092-501-2871,N/A,https://kasugakiko.co.jp/,4.3,12
（株）こが金物,"3-chōme-1-10 Chūō, Koga, Fukuoka 811-3103, Japan",092-942-6631,N/A,N/A,4.2,13
（有）ヨシタケ金物,"1-chōme-1-12 Otoganahigashi, Onojo, Fukuoka 816-0901, Japan",092-504-3711,N/A,https://yoshitake-kanamono.jp/,3.2,5
福一刃物店,"1-chōme-6-11 Tōjinmachi, Chuo Ward, Fukuoka, 810-0063, Japan",092-741-4324,N/A,N/A,4.5,12
Tomoike hardware,"3-chōme-12-15 Maebaruekiminami, Itoshima, Fukuoka 819-1138, Japan",092-322-1123,N/A,N/A,4,8
（有）村田金物,"2-chōme-140 Tenjinyama, Kasuga, Fukuoka 816-0855, Japan",092-591-1196,N/A,N/A,5,2
ホームセンターテヅカ,"7-20 Uonomachi, Nagasaki, 850-0874, Japan",095-828-0580,N/A,N/A,4,1
（株）テヅカ 金物総合卸,"2-chōme-11-1 Sakai, Nagasaki, 851-0122, Japan",095-837-1111,N/A,https://www.n-tzk.com/,4,3
(株)藤田金物,"10-31 Hiranomachi, Nagasaki, 852-8117, Japan",095-844-0229,N/A,N/A,2.1,9
(有)阿波屋金物店,"3-4 Furukawamachi, Nagasaki, 850-0851, Japan",095-821-2629,N/A,https://awa8kanamonoten.on.omisenomikata.jp/,4.4,10
（株）岩永金物店,"Japan, 〒850-0852 Nagasaki, Yorozuyamachi, 2−２ リバーサイド岩永",095-821-0797,N/A,https://www.iwanaga-kanamono.com/,4.2,9
(有)白井金物,"11-6 Nodagō, Togitsu, Nishisonogi District, Nagasaki 851-2104, Japan",095-882-6033,N/A,N/A,3.5,14
大久保金物(株),"Japan, 〒850-0057 Nagasaki, Daikokumachi, 9−２２ 大久保大黒町ビル",095-821-3018,N/A,http://www.okubo-kanamono.com/,3.8,10
(有)吉原金物,"469-2 Honmachi, Ōmura, Nagasaki 856-0832, Japan",0957-52-2361,N/A,N/A,4.2,10
(有)マルキンカナモノ,"2-8 Uonomachi, Nagasaki, 850-0874, Japan",095-821-6462,N/A,N/A,3.9,11
山口善弥・刃物製作所,"3604 Kayakimachi, Nagasaki, 851-0401, Japan",095-892-0069,N/A,N/A,5,5
丸松金物店,"1140-8 Urerigō, Nagayo, Nishisonogi District, Nagasaki 851-2128, Japan",095-883-7366,N/A,N/A,4.5,4
増崎金物店,"3-42 Yoriaimachi, Nagasaki, 850-0903, Japan",095-822-5675,N/A,N/A,4.3,3
田中金物店,"7-14 Matsuyamamachi, Nagasaki, 852-8118, Japan",095-844-1020,N/A,N/A,5,2
マツオカナモノ,"Japan, 〒850-0835 Nagasaki, Sakuragimachi, 3−３１ 松尾金物ビル",095-822-0641,N/A,N/A,4.8,5
ハンズすがわら,"21-25 Shiromimachi, Isahaya, Nagasaki 854-0005, Japan",0957-23-2202,N/A,N/A,N/A,N/A
吉岡商店 【雑貨・鍵・金物】,"8-32 Eishō Higashimachi, Isahaya, Nagasaki 854-0071, Japan",0957-22-0437,N/A,https://ja-jp.facebook.com/yoshiokashoten,4.1,8
(有)白井金物,"2987-1 Kinkaitonemachi, Nagasaki, 851-3103, Japan",095-884-3558,N/A,N/A,4.8,5
Sugawara,"7-10 Fukudamachi, Isahaya, Nagasaki 854-0001, Japan",0957-24-5111,N/A,N/A,4,5
松尾金物店,"Japan, 〒850-0954 Nagasaki, Shintomachi, 3-chōme−24−７ 松尾ビル",095-878-0877,N/A,N/A,N/A,N/A
テヅカカナモノ,"6-8 Suwamachi, Nagasaki, 850-0873, Japan",095-824-2131,N/A,N/A,4.3,3
Kohnan Pro Kashima,"1824番地1 Namazu, Kashima, Kamimashiki District, Kumamoto 861-3101, Japan",096-237-5760,N/A,https://map.hc-kohnan.com/shop/603?utm_source=google&utm_medium=maps&utm_campaign=gmb,3.9,73
ウエダ金物,"3-chōme-1-1 Nuyamazu, Higashi Ward, Kumamoto, 861-2102, Japan",096-367-1044,N/A,http://www.uedakanamono.co.jp/,3.6,53
Masunaga,"2-chōme-7-8 Egoe, Minami Ward, Kumamoto, 860-0834, Japan",N/A,N/A,https://msng.jp/,4.4,51
（有）坂本金物店,"1-chōme-2-20 Izumi, Chuo Ward, Kumamoto, 862-0941, Japan",096-366-3236,N/A,https://sakamoto-kanamono.com/,3.7,6
Kaneyoshi Musashi,"9-chōme-1-15 Tatsuda, Kita Ward, Kumamoto, 861-8006, Japan",096-338-6630,N/A,N/A,3.5,16
Shinsho,"1-chōme-11-42 Hotakubo, Chuo Ward, Kumamoto, 862-0926, Japan",096-383-4956,N/A,https://www.shinsyou.biz/,4,3
Kaneshin,"2-chōme-21-31 Chikami, Minami Ward, Kumamoto, 861-4101, Japan",096-322-6373,N/A,http://hiyoshi-skk.com/mise/kaneshin.html,3.9,15
Sueyoshi,"1524-5 Miyoshi, Koshi, Kumamoto 861-1104, Japan",096-242-0081,N/A,N/A,4.8,8
（資）吉岡建材店,"3-chōme-10-24 Suizenji, Chuo Ward, Kumamoto, 862-0950, Japan",096-383-0932,N/A,N/A,3.8,19
丸山商店,"122 Takigawa, Mifune, Kamimashiki District, Kumamoto 861-3205, Japan",096-282-0561,N/A,N/A,3.6,11
（株）ヒロナガ（金物）本社,"4-12 Minamitsuboimachi, Chuo Ward, Kumamoto, 860-0848, Japan",096-325-1411,N/A,N/A,4.3,4
（株）竹屋金物店 北部営業所,"3-chōme-2-20 Hida, Kita Ward, Kumamoto, 861-5514, Japan",096-343-4704,N/A,N/A,3.9,7
ニシスイ商事部,"835-2 Komushiro, Misato, Shimomashiki District, Kumamoto 861-4411, Japan",0964-46-3887,N/A,https://www.nishisui.co.jp/company/,4.2,9
（資）森本金物店,"3-chōme-13-4 Shinyashiki, Chuo Ward, Kumamoto, 862-0975, Japan",096-366-5194,N/A,N/A,4.5,2
（有）マコト金物工機,"6-chōme-10-20 Toshimanishi, Higashi Ward, Kumamoto, 861-8043, Japan",096-365-7800,N/A,N/A,4,3
（資）田川金物店 サッシ部,"297 Akimaru, Tamana, Kumamoto 865-0026, Japan",0968-74-2176,N/A,N/A,3.3,3
斉藤金物店,"1306-4 Ōzu, Ozu, Kikuchi District, Kumamoto 869-1233, Japan",096-293-2002,N/A,N/A,2.8,4
Home Center Awaya,"48 Waifu, Kikuchi, Kumamoto 861-1331, Japan",0968-25-2412,N/A,https://sites.google.com/luckit.jp/awaya/home,3,2
（株）サンクック,"3-chōme-40-13 Suizenji, Chuo Ward, Kumamoto, 862-0950, Japan",096-383-4691,N/A,http://www.suncook.net/,N/A,N/A
（株）ヒロナガ（金物）北部営業所,"33-12 Kitazakomachi, Kita Ward, Kumamoto, 861-5531, Japan",096-245-0500,N/A,N/A,4,2
（有）金満金物店,"2-chōme-11-20 Kamoike, Kagoshima, 890-0063, Japan",099-256-1234,N/A,http://three-bell.jp/,4.3,19
（有）コバ金物店,"2-chōme-35-21 Tagami, Kagoshima, 890-0034, Japan",099-256-4034,N/A,N/A,4.5,22
黒田金物店,"3-1 Meizanchō, Kagoshima, 892-0821, Japan",099-225-2355,N/A,N/A,3.5,15
（有）高田刃物工具,"6-5 Ogawachō, Kagoshima, 892-0817, Japan",099-223-9031,N/A,N/A,4,5
㈲丸富商会,"3882-7 Kajikichō Kida, Aira, Kagoshima 899-5241, Japan",0995-63-0347,N/A,http://marutomi-ltd.com/,4,3
山崎工業,"933 Chūzanchō, Kagoshima, 891-0105, Japan",099-266-5085,N/A,N/A,N/A,N/A
宮野刃物商会,"6-chōme-36-14 Taniyamachūō, Kagoshima, 891-0141, Japan",099-269-2695,N/A,N/A,4.5,2
牧善商会,"4-29 Tōkaichō, Kagoshima, 891-0115, Japan",099-269-3310,N/A,N/A,4,2
池畑金物店,"2821-3 Fukiagechō Nakahara, Hioki, Kagoshima 899-3301, Japan",099-296-5623,N/A,https://r.goope.jp/sr-46-463671s0010/,4,2
（有）昇工業,"455 Okanoharachō, Kagoshima, 891-1201, Japan",099-244-4202,N/A,N/A,N/A,N/A
伊敷金物建材,"3-chōme-4-4 Nishiishiki, Kagoshima, 890-0002, Japan",099-220-0166,N/A,N/A,5,1
マツヒロ金物店,"444-3 Ijūinchō Tokushige, Hioki, Kagoshima 899-2502, Japan",099-273-2321,N/A,N/A,N/A,N/A
吉田金物店,"4-4 Nakamachi, Kagoshima, 892-0827, Japan",099-226-5787,N/A,N/A,N/A,N/A
中村金物店,"15-1 Sakurajimatakechō, Kagoshima, 891-1416, Japan",099-293-2507,N/A,N/A,3.5,2
マルエイ金物店,"Japan, 〒891-0113 Kagoshima, Higashitaniyama, 5-chōme−28−２９ リバーサイドＭＫ",099-269-6977,N/A,N/A,N/A,N/A
（有）永仮金物,"2-chōme-34-14 Komatsubara, Kagoshima, 891-0114, Japan",099-268-2050,N/A,N/A,5,1
マワタリ金物店,"5-chōme-9-21 Ishiki, Kagoshima, 890-0008, Japan",099-229-2139,N/A,N/A,5,1
堀之内金物店,"106 Higashiichikichō Nagasato, Hioki, Kagoshima 899-2202, Japan",099-274-2761,N/A,N/A,4,2
横山金物店,"1-1 Miyajimamachi, Aira, Kagoshima 899-5432, Japan",N/A,N/A,N/A,N/A,N/A
今村金物店,"2810-1 Fukiagechō Nakahara, Hioki, Kagoshima 899-3301, Japan",099-296-2206,N/A,N/A,N/A,N/A
Kohnan Pro Hiroshima Kannon,"20-20 Minamikanonmachi, Nishi Ward, Hiroshima, 733-0034, Japan",082-532-5701,N/A,https://map.hc-kohnan.com/shop/475?utm_source=google&utm_medium=maps&utm_campaign=gmb,4,606
コーナンPRO呉広支所前店,"1-chōme-2-34 Hirokoshingai, Kure, Hiroshima 737-0112, Japan",0823-74-5701,N/A,https://map.hc-kohnan.com/shop/619,3.8,97
アクトツール広島祇園店,"2-chōme-29-24 Nishihara, Asaminami Ward, Hiroshima, 731-0113, Japan",082-846-5310,N/A,https://act-kougu.com/act_store/hiroshima-gion/,4.5,2
食器専門店やまね 食器 包丁 厨房道具など（tableware kitchen Japanese Knives store Yamane ）,"6-7 Nagarekawachō, Naka Ward, Hiroshima, 730-0028, Japan",082-241-5588,N/A,https://store.shopping.yahoo.co.jp/sarayamane/,4.4,10
大石刃物店,"1-chōme-6-24 Sakaimachi, Naka Ward, Hiroshima, 730-0853, Japan",082-231-0116,N/A,http://ooishihamonoten.web.fc2.com/,4.3,13
刃物の大喜,"1-chōme-17-17 Kanonhonmachi, Nishi Ward, Hiroshima, 733-0033, Japan",082-293-6531,N/A,http://www.daiki.shop-site.jp/,4.1,38
（株）中村屋,"7-5 Horikawachō, Naka Ward, Hiroshima, 730-0033, Japan",082-248-4353,N/A,https://www.instagram.com/nakamuraya_hardware,4.7,16
（株）秋本勇吉商店,"2-chōme-11-11 Higashisendamachi, Naka Ward, Hiroshima, 730-0053, Japan",082-241-1278,N/A,http://www.a-yukichi.com/,4.4,10
Fujiura,"10-12 Enomachi, Naka Ward, Hiroshima, 730-0851, Japan",082-231-6604,N/A,N/A,4.2,12
Kikusuga,"Japan, 〒730-0035 Hiroshima, Naka Ward, Hondōri, 2−５ 菊菅ビル",082-247-2374,N/A,http://www.kikusuga.jp/,4.4,15
㈱藤原金物,"Japan, 〒737-0045 Hiroshima, Kure, Hondōri, 5-chōme−8−１６ 藤原本通ビル",0823-21-3225,N/A,N/A,3.5,10
（株）宮本金物本店,"1-chōme-17-13 Fukushimachō, Nishi Ward, Hiroshima, 733-0024, Japan",082-232-1481,N/A,https://miyamoto-kanamono.com/,3,2
かめや産業（株）,"4-chōme-15-1 Inokuchi, Nishi Ward, Hiroshima, 733-0842, Japan",082-277-1080,N/A,https://www.kameya-sangyo.co.jp/,3.3,3
（株）藤井金物店,"3-chōme-18-21 Nakahiromachi, Nishi Ward, Hiroshima, 733-0012, Japan",082-298-5581,N/A,N/A,4.3,6
（有）いわべ産業,"Japan, 〒731-0103 Hiroshima, Asaminami Ward, Midorii, 3-chōme−12−２７ 龍原ビル",082-879-0155,N/A,N/A,3,1
福井刃物店,"1-19 Shintenchi, Naka Ward, Hiroshima, 730-0034, Japan",082-241-5611,N/A,N/A,4.8,6
宮本刃物店,"2-chōme-3-2 Hatsukaichi, Hiroshima 738-0013, Japan",0829-31-0257,N/A,N/A,5,2
中刃物店 刃物研ぎ 目立,"2-chōme-8-1 Minamimachi, Minami Ward, Hiroshima, 734-0007, Japan",082-254-4833,N/A,N/A,4.8,4
（株）丸鋲 広島支店,"Mita-4029-1 Shirakichō, Asakita Ward, Hiroshima, 739-1521, Japan",082-810-6255,N/A,http://www.marubyo.co.jp/,5,1
Masahara,"4-chōme-1-26 Sakahigashi, Saka, Aki District, Hiroshima 731-4313, Japan",082-885-0048,N/A,N/A,5,2
Pro Shop Hodaka,"19-chōme-2-1 Kita 16 Jōhigashi, Higashi Ward, Sapporo, Hokkaido 065-0016, Japan",011-780-7722,N/A,https://www.dcm-hc.co.jp/shop/detail/03_4572.html?utm_source=google&utm_medium=maps,4,983
ホダカ 北野通店,"2-chōme-13-70 Kitano 3 Jō, Kiyota Ward, Sapporo, Hokkaido 004-0863, Japan",011-887-5166,N/A,https://www.dcm-hc.co.jp/shop/detail/03_4583.html?utm_source=google&utm_medium=maps,3.7,97
ホダカ 手稲前田店,"11-chōme-7-6 Maeda 5 Jō, Teine Ward, Sapporo, Hokkaido 006-0815, Japan",011-699-1351,N/A,https://www.dcm-hc.co.jp/shop/detail/03_4576.html?utm_source=google&utm_medium=maps,3.9,412
Miyabunhamono Tanukikojiten,"Japan, 〒060-0062 Hokkaido, Sapporo, Chuo Ward, Minami 2 Jōnishi, 2-chōme−７−７",011-231-1940,N/A,https://miyabun.shop/en/pages/product,4.2,70
Hodaka,"２６番地 Nopporomatsunamichō, Ebetsu, Hokkaido 069-0814, Japan",011-391-0511,N/A,https://www.dcm-hc.co.jp/shop/detail/03_4580.html?utm_source=google&utm_medium=maps,3.5,449
丸井産業（株）札幌営業所,"3-chōme-7-63 Higashinaebo 5 Jō, Higashi Ward, Sapporo, Hokkaido 007-0805, Japan",011-786-0101,N/A,https://www.marui-sangyo.jp/,2.9,7
Naniwa,"Japan, 〒003-0030 Hokkaido, Sapporo, Shiroishi Ward, Ryūtsū Center, 1-chōme−8−１ ナニワ",011-864-6111,N/A,http://www.e-naniwa.co.jp/,3.7,24
㈱ソーホー 西岡店,"Japan, 〒062-0033 Hokkaido, Sapporo, Toyohira Ward, Nishioka 3 Jō, 11-chōme−5−１０ ＳＯＨＯ ＴＨＥ ＷＡＲＥＨＯＵＳＥ",011-583-7874,N/A,http://sohoinc.net/company/,3.6,22
Imai,"Japan, 〒067-0074 Hokkaido, Ebetsu, Takasagochō, ３−８",011-382-2252,N/A,http://www.imai-mater.co.jp/gaiyou.htm,3.7,28
㈱高道商工,"Japan, 〒065-0013 Hokkaido, Sapporo, Higashi Ward, Kita 13 Jōhigashi, 16-chōme−4−１８ 高道商工ビル",011-781-8245,N/A,https://www.koudou-syoukou.jp/,3.4,5
㈱丸井足立（足立金物店） 刃物研ぎ 包丁研ぎ 合鍵 スペアキー 網戸作成＆張替,"Japan, 〒065-0019 Hokkaido, Sapporo, Higashi Ward, Kita 19 Jōhigashi, 1-chōme−1−２４ 足立ビル",011-741-0070,N/A,https://kabusikigaisya-maruiadachi.jimdosite.com/,4.8,16
パワー・ツール高島,"Japan, 〒003-0833 Hokkaido, Sapporo, Shiroishi Ward, Kitagō 3 Jō, 12-chōme−1−３０ 高島ビル 1F",011-871-1453,N/A,https://www.instagram.com/makoboo32/,2.3,3
畑金物店,"1 Chome Kita 1 Johigashi, Chuo Ward, Sapporo, Hokkaido 060-0031, Japan",011-281-2311,N/A,N/A,4.9,7
菅原金物店,"3-chōme-4-1 Higashinaebo 5 Jō, Higashi Ward, Sapporo, Hokkaido 007-0805, Japan",011-781-1708,N/A,N/A,4.6,21
㈱米山商店 本社,"12-chōme-2-39 Minami 11 Jōnishi, Chuo Ward, Sapporo, Hokkaido 064-0811, Japan",011-551-6656,N/A,N/A,4.3,3
Kaisei,"Japan, 〒003-0806 Hokkaido, Sapporo, Shiroishi Ward, Kikusui 6 Jō, 3-chōme−3−２５ 松尾ビル",011-811-3561,N/A,N/A,3.8,6
三上金物,"4-chōme-1 Minami 2 Jōhigashi, Chuo Ward, Sapporo, Hokkaido 060-0052, Japan",011-221-4254,N/A,N/A,4.5,13
㈱ライフ総合設備,"1-chōme-100-12-2 Kikusui Kamimachi 1 Jō, Shiroishi Ward, Sapporo, Hokkaido 003-0811, Japan",011-818-3619,N/A,N/A,N/A,N/A
㈱三共メターレン,"Japan, 〒065-0033 Hokkaido, Sapporo, Higashi Ward, Kita 33 Jōhigashi, 18-chōme−1−９ 三共メターレン",011-782-7666,N/A,https://www.metallen.co.jp/,4.1,9
㈱清水金物店,"Japan, 〒060-0010 Hokkaido, Sapporo, Chuo Ward, Kita 10 Jōnishi, 16-chōme−28−１４５ 第一拓殖ビル",011-616-2500,N/A,https://toko-waka.jp/%E4%BC%9A%E7%A4%BE%E6%A6%82%E8%A6%81%E3%83%BB%E3%82%A2%E3%82%AF%E3%82%BB%E3%82%B9/,N/A,N/A
